,timestamp,FPSO_choke,WELL01_ICV_BottomDP,WELL01_ICV_TopDP,WELL01_MA2_T,WELL01_MA4_P,WELL01_MA4_T,WELL01_MA_36,WELL01_MA_37,WELL01_TubingDP
236,2018-08-25,99.92247266170311,5.764381264747523,0.3219730878186969,88.66834984042553,590.3841702652397,88.34811889952154,75.89095726651482,160.1958407244786,590.387296258001
237,2018-08-26,68.70608497972292,4.146374132285527,0.5262820680628272,88.23271978417266,604.1172171914358,88.0094857051282,70.74153321839081,157.810118164794,604.7883239445911
238,2018-08-27,99.97137115296279,5.759580943570768,0.6216353488372094,88.57515124242424,591.2380260909508,88.22626628865979,75.8974661748634,176.0297151125402,591.2774693955259
239,2018-08-28,99.95906516229435,5.910110632447296,0.6049455045871559,88.62217241106718,589.5969614495332,88.23642490322581,75.92181282714056,175.46973416149066,589.5955777568332
240,2018-08-29,99.94557339449541,5.90212467771639,0.60495,88.62491991902833,589.1547358256881,88.22462733624454,75.91875656845754,176.47791155555558,589.1567642421398
241,2018-08-30,99.93269434006577,5.868538117647059,0.6048391757460919,88.62666375,588.8303379051197,88.21937572916666,75.88666862829149,176.6803840142096,588.8303576791809
242,2018-08-31,99.93015420106848,5.85857897810219,0.6058380019588638,88.62990565384615,588.5488909664886,88.21992657894737,75.88219775991426,176.54700854503463,588.5494966817496
243,2018-09-01,99.92482142857143,5.893604479065238,0.606753268292683,88.6316733463035,588.3488120581113,88.22016781456954,75.87724319630011,179.1015277027027,588.3494296812748
244,2018-09-02,99.92612033938815,5.935495019157088,0.6073856457033124,88.63156507633587,588.1394329349904,88.21829515283844,75.84926616,180.46819116607773,588.1399313476562
245,2018-09-03,99.92554706601467,5.935713759213759,0.6085186323092171,88.63131338645418,587.9403158435207,88.2156247881356,75.83912250620348,181.16412194092828,587.9404250374065
246,2018-09-04,99.93548214285715,5.894621911196912,0.6103580348499517,88.63968921161825,587.6581000952381,88.2167405464481,75.8292002813128,182.10649676258993,587.6589793627451
247,2018-09-05,99.95249941534145,5.956122417061611,0.6092661450924608,88.6349003533569,587.6155165262172,88.21497892703863,75.83220188962208,183.8856487394958,587.6144366909975
248,2018-09-06,99.95069028992177,6.003846351084813,0.6099159478435305,88.63369673728813,587.5871205706397,88.20845689655171,75.8319197547517,184.63086694772343,587.5894290964778
249,2018-09-07,99.9508983948251,5.962144236760125,0.6107896624472574,88.63451536050157,587.4360869731801,88.20794718518519,75.83063385852091,187.0188761710794,587.4425923287671
250,2018-09-08,99.9399899574669,5.934728282828283,0.6107684584178499,88.63529244186046,587.2411596408318,88.21028674074074,75.80757914544427,186.78506259541984,587.2407738336715
251,2018-09-09,99.9345342910102,5.916369185475957,0.6117782652043868,88.64312330645163,586.9949158016682,88.21454260663506,75.80422296337403,189.1621827777778,586.9937590724167
252,2018-09-10,99.93211694540088,5.93354478398314,0.616275529661017,88.64621987447698,586.9321903751235,88.20779875000001,75.79024269471292,190.46914417475728,586.932967037037
253,2018-09-11,99.94732644705883,5.892479900497512,0.6151868769074262,88.65285707317074,586.6812974117647,88.2165028708134,75.78485363689434,191.79065483870966,586.6835450949368
254,2018-09-12,99.95378741226017,5.829593668341709,0.6162853333333334,88.66432466386554,586.3994040243332,88.22118175324675,75.78229847242922,193.65793351498635,586.4046542033627
255,2018-09-13,99.96078110651975,5.880407655502392,0.6160208047105005,88.66199930851064,586.3330455922866,88.22065298245614,75.7852712118409,194.514135,586.3275169435216
256,2018-09-14,99.941977482679,5.957570202507232,0.6185910231660232,88.66572178181818,586.2275173672056,88.22126257142857,75.78122167958657,195.1470656529517,586.2310814698493
257,2018-09-15,99.94704448677723,5.9383365234375,0.6198291411042944,88.67229265151515,585.9866784849844,88.2268556060606,75.75022977207978,196.9163643382353,585.988370157385
258,2018-09-16,99.93454593267882,6.15040213592233,0.6193026694045174,88.6657326984127,586.0766505843852,88.22448272727273,75.75491651515152,199.14999827586206,586.0662360066833
259,2018-09-17,99.9374405301314,6.328241045498548,0.6202294060370009,88.66261523809523,586.065208563661,88.2217552016129,75.76343035714287,199.99789734513274,586.0661007569387
260,2018-09-18,99.93402130880298,6.288789219712526,0.6218704049844237,88.66765202643172,585.8840946902656,88.22542511627907,75.73409640677967,200.17788333333334,585.8844897565072
261,2018-09-19,99.9233682983683,6.277324027916251,0.622709797979798,88.67206282296651,585.7184749184149,88.22839664670659,75.73286075862069,200.96726506550218,585.7164090739008
262,2018-09-20,99.91094178865508,6.96949422700587,0.038203899999999937,88.67981784810128,585.2389450594693,87.93951265780731,75.73173320435309,201.9582329140461,585.5082255212677
263,2018-09-21,99.9238547421731,6.4708026748971195,-2.3989756449948403,88.07071493006994,584.3309987569061,86.90361049056604,75.72923306613227,204.29813867647061,583.6734377227723
264,2018-09-22,99.92573125596944,-1.8068471794871794,3.1176185300207035,81.48389906417113,574.0565347659981,81.49290629969418,75.71428637223975,204.76815658914728,573.3850957264958
265,2018-09-23,99.92778571428572,-5.851515901814301,-11.517407134894091,80.35621226519338,562.6645970952382,81.13576013029316,75.72345427244584,207.275945302714,558.7298494163424
266,2018-09-24,99.92418684710351,12.317767393675028,5.202292739273927,89.9614979264214,579.2275405033238,82.2488462264151,75.70392176616916,207.63303974820144,577.5977944106926
267,2018-09-25,99.91719597927973,14.762555298013245,-9.44353974654378,82.72105821782179,555.2356427232363,77.63511324022346,75.70190277522936,210.2539900423729,551.84094453125
268,2018-09-26,99.91750854075158,15.212993368421055,14.928318778801843,88.33990437106918,564.8904073206443,79.5215473006135,75.69958963133641,210.0530262798635,557.7335325415677
269,2018-09-27,99.91603468899521,5.081091745036573,-8.883750211864408,83.00011562277581,572.7491372248804,79.92685293515359,75.69880432720232,213.66501516034987,571.3911607787275
270,2018-09-28,99.9070289039039,6.416086363636364,0.723435,89.15491647826087,558.8939881381382,88.89705983498351,75.85564382803298,210.13716722338205,584.4807636363637
271,2018-09-29,99.92080378973105,6.3993,0.7155,85.45673527896996,228.6501671393643,73.13443059701493,76.10387258333334,207.39066566757492,584.4804
272,2018-09-30,99.92717150590552,6.3993,0.7155,86.15705447933884,534.6281450787401,88.21086071428572,76.1514066881029,206.51979386106623,584.4804
273,2018-10-01,99.9167070372259,6.3993,0.7155,71.81522229865772,486.3395510963794,68.98426255050505,76.21123947745168,206.0996190909091,584.4804
274,2018-10-02,99.79209144467214,6.3993,0.7155,83.32458898340249,502.8390882684426,77.3771091147541,74.21370472431077,199.0092202586207,584.4804
275,2018-10-03,0.0,6.3993,0.7155,87.978545,638.6454,88.09678,13.827078,118.0968,581.9989
276,2018-10-04,0.0,6.3993,0.7155,87.27202333333332,639.48198,86.82999333333333,3.9478676,100.20332666666667,581.9989
277,2018-10-05,0.0,6.3993,0.7155,88.71454,639.8654333333334,88.32518,3.528286,99.97964,581.9989
278,2018-10-06,6.600220884741488,0.3101242424242424,-0.27646713286713287,86.93766941747572,640.1575398496241,86.35319324324324,3.6243033034482757,100.18770490765172,640.1599913978495
279,2018-10-07,10.41981427624021,0.30572410423452767,-0.25533471337579616,86.40146936507936,639.963524543081,84.30978681818182,4.219546642857143,99.91315374545455,636.1903938461538
280,2018-10-08,9.991086336264873,-4.58945572519084,-0.22124082568807338,85.3510128021978,610.9504124676669,83.47025609375,4.599425580858086,106.27883236714976,621.1459734939759
281,2018-10-09,9.918936066666667,0.3023804597701149,-0.19709367088607593,77.69063541666667,627.4888018518518,74.156645,3.97783743537415,114.2385,549.0304761904762
282,2018-10-10,0.0,6.3993,-0.1587,86.64133000000001,640.67295,86.00735,3.528286,113.3997,581.9989
283,2018-10-11,0.0,0.3095,-0.13265,86.62113,640.738288888889,86.00277,3.528286,113.56745000000001,640.7249
284,2018-10-12,0.0,6.3993,0.7155,86.56859,640.8331999999999,88.32518,75.61983,113.51153333333333,581.9989
285,2018-10-13,0.0,6.3993,-0.0603,86.50388,640.8995666666666,88.32518,75.61983,113.7352,581.9989
286,2018-10-14,0.0,6.3993,0.7155,88.71454,640.9577,88.32518,3.528286,113.7352,581.9989
287,2018-10-15,0.0,6.3993,0.7155,88.71454,641.0237857142857,88.32518,75.61983,226.1285,581.9989
288,2018-10-16,0.0,6.3993,0.7155,88.71454,641.0550714285715,88.32518,3.5044459999999997,226.1285,581.9989
289,2018-10-17,0.0,6.3993,0.7155,88.71454,641.10041,88.32518,3.5044459999999997,114.0707,581.9989
290,2018-10-18,0.25625026666666667,0.3117,0.7155,88.71454,641.1523357142858,88.32518,3.496499333333333,226.1285,581.9989
291,2018-10-19,0.02767862857142857,6.3993,0.0644,88.71454,641.1872,88.32518,75.61983,226.1285,581.9989
292,2018-10-20,0.0,6.3993,0.7155,86.28921500000001,641.2123875,85.72748,3.512392666666667,113.84703333333334,581.9989
293,2018-10-21,0.0,0.311,0.7155,88.71454,641.2429666666667,88.32518,75.61983,226.1285,581.9989
294,2018-10-22,0.0,0.3102,0.1168,86.2365,641.273175,85.68152,3.528286,114.3224,581.9989
295,2018-10-23,0.0,6.3993,0.7155,86.22838,641.2984333333334,85.65854,3.528286,114.4063,581.9989
296,2018-10-24,0.0,0.3113,0.1464,86.21214,641.3215,85.64934,3.528286,114.4063,581.9989
297,2018-10-25,0.0,6.3993,0.7155,88.71454,641.3437,88.32518,3.5044459999999997,226.1285,641.337
298,2018-10-26,0.0,6.3993,0.7155,86.1878,213.78626666666665,85.61255,3.480606,114.0707,581.9989
299,2018-10-27,0.0,6.3993,0.7155,86.1675,641.3828,85.58034,3.480606,114.4063,581.9989
300,2018-10-28,0.0,6.3993,0.7155,86.15531,641.4,85.57574,3.5044459999999997,226.1285,581.9989
301,2018-10-29,3.9379085686274506,6.3993,0.2332,86.13222631578947,641.4163281045752,85.55733,3.514979953488372,114.59116734693878,641.4164
302,2018-10-30,0.0,0.3101,0.7155,88.71454,213.78626666666665,88.32518,75.61983,226.1285,581.9989
303,2018-10-31,0.0,6.3993,0.7155,88.71454,213.78626666666665,88.32518,75.61983,226.1285,581.9989
304,2018-11-01,0.0,6.3993,0.2749,88.71454,213.78626666666665,88.32518,75.61983,226.1285,581.9989
305,2018-11-02,0.0,0.3119,0.7155,88.71454,641.4839,88.32518,3.480606,114.4063,581.9989
306,2018-11-03,0.0,0.3107,0.7155,86.06593,641.4918749999999,85.49747,3.480606,114.741775,581.9989
307,2018-11-04,0.0,6.3993,0.7155,86.04967,641.5044666666666,88.32518,3.528286,226.1285,581.9989
308,2018-11-05,0.0,6.3993,0.7155,86.04561,641.5166,88.32518,3.528286,114.7418,581.9989
309,2018-11-06,0.0,6.3993,0.7155,86.02935,641.5282,85.45602,3.5044459999999997,115.0772,581.9989
310,2018-11-07,0.0,6.3993,0.7155,88.71454,641.5392,88.32518,3.480606,115.0772,581.9989
311,2018-11-08,0.0,6.3993,0.7155,88.71454,641.5495000000001,85.45141,3.4488193333333332,115.0772,581.9989
312,2018-11-09,0.0,6.3993,0.7155,86.00088,641.55915,85.43298,3.432926,115.0772,581.9989
313,2018-11-10,0.0,6.3993,0.7155,88.71454,641.5690666666667,88.32518,3.432926,226.1285,581.9989
314,2018-11-11,0.0,6.3993,0.7155,88.71454,641.5776999999999,88.32518,3.480606,226.1285,581.9989
315,2018-11-12,10.71083404258675,0.31051666666666666,0.38979047619047624,85.9605045283019,641.588285488959,85.41829629629629,3.4555892541133453,115.4128,641.58825
316,2018-11-13,38.26923675118709,0.31073720930232557,0.3963606060606061,85.95338142857143,641.5930596391263,85.41146733333333,3.46768338317757,111.31235625,641.5934666666667
317,2018-11-14,31.515532465968587,0.31084126984126986,0.4015,85.94338245283019,641.6001329842932,85.40532523809524,3.4502152464589235,110.01869224806201,641.5983
318,2018-11-15,31.584397568772562,0.3106576923076923,0.410118487394958,85.93353921348314,641.6092936823104,85.40102044444444,3.4369,438.95874215246636,641.60842
319,2018-11-16,15.139421855146125,0.3107641666666667,0.41663595505617973,85.92289649484536,641.616437968254,85.39370746835444,3.4449356592592597,434.5855707100592,641.6171142857144
320,2018-11-17,15.100442422731804,0.310824,0.42128382352941174,85.919394125,641.6217346385541,85.39028739130435,3.488552666666667,433.64922061281334,641.621723076923
321,2018-11-18,0.0,6.3993,0.7155,85.91543,641.6295666666666,88.32518,75.61983,226.1285,581.9989
322,2018-11-19,0.0,0.3122,0.4351,88.71454,641.6361,88.32518,75.61983,425.24905,581.9989
323,2018-11-20,0.0,0.31135,0.4388,85.89914,641.6417666666666,85.37305,3.480606,424.4103,641.6414
324,2018-11-21,0.0,6.3993,0.7155,88.71454,641.6480666666666,88.32518,75.61983,421.3908,581.9989
325,2018-11-22,0.0,6.3993,0.7155,88.71454,641.654,88.32518,3.480606,226.1285,581.9989
326,2018-11-23,0.0,6.3993,0.4583,88.71454,641.6594,88.32518,75.61983,226.1285,581.9989
327,2018-11-24,0.0,6.3993,0.7155,85.8747,641.66442,85.352295,3.480606,418.7068,581.9989
328,2018-11-25,0.0,6.3993,0.7155,88.71454,641.6697333333333,88.32518,75.61983,226.1285,581.9989
329,2018-11-26,0.0,0.3107,0.7155,88.71454,641.6745666666667,88.32518,75.61983,418.0357,581.9989
330,2018-11-27,0.0,6.3993,0.7155,85.85841,641.6789,88.32518,75.61983,417.0293,581.9989
331,2018-11-28,0.0,6.3993,0.7155,88.71454,641.6838666666666,88.32518,75.61983,416.6938,581.9989
332,2018-11-29,0.0,6.3993,0.7155,88.71454,641.6874666666666,88.32518,75.61983,416.19045,581.9989
333,2018-11-30,0.0,6.3993,0.7155,85.85026666666666,641.6919142857142,85.32693,3.496499333333333,415.771075,581.9989
334,2018-12-01,0.0012500762,6.3993,0.7155,88.71454,641.6960799999999,88.32518,3.480606,226.1285,581.9989
335,2018-12-02,0.0,6.3993,0.7155,88.71454,641.701175,88.32518,3.480606,226.1285,581.9989
336,2018-12-03,0.0,6.3993,0.7155,88.71454,641.7051,88.32518,3.528286,414.3452,581.9989
337,2018-12-04,0.0,6.3993,0.7155,88.71454,641.7084666666666,88.32518,75.61983,414.6807,581.9989
338,2018-12-05,0.0,6.3993,0.7155,85.82310333333334,641.7122333333333,85.31308,3.814365,87.398315,581.9989
339,2018-12-06,0.0,6.3993,0.7155,85.75244,641.7130000000001,88.32518,3.480606,78.172,581.9989
340,2018-12-07,0.0,6.3993,0.7155,88.71454,641.7179,88.32518,75.61983,77.668765,581.9989
341,2018-12-08,0.0,6.3993,0.7155,88.71454,641.7163333333333,88.32518,75.61983,226.1285,581.9989
342,2018-12-09,0.0,6.3993,0.7155,88.71454,641.7174,88.32518,3.432926,226.1285,581.9989
343,2018-12-10,0.0,6.3993,0.7155,88.71454,641.7201333333334,88.32518,3.480606,226.1285,581.9989
344,2018-12-11,0.0,6.3993,0.7155,85.72388,641.7225333333333,85.45141,3.3534633333333335,82.30986666666666,581.9989
345,2018-12-12,0.0,6.3993,0.7155,85.65043,641.72585,85.34999,3.4647126666666668,83.707795,581.9989
346,2018-12-13,0.0,0.3161,0.31684999999999997,86.64761999999999,640.0565750000001,86.38773499999999,16.664013,97.8548,641.1137
347,2018-12-14,0.0,1.2906333333333333,0.3710333333333333,87.74463125,628.7488909090908,87.70589,68.31804285714286,219.19476666666665,631.801594117647
348,2018-12-15,0.0,0.3181,0.29917499999999997,87.4812775,641.2630294117647,87.42283666666667,16.374531428571427,204.27291428571428,641.1350954545454
349,2018-12-16,0.0,1.4996,0.7155,87.71369,629.325,87.68789,71.42403,226.1285,636.7472571428572
350,2018-12-17,0.0,0.3037,0.3126,87.6038,636.1014333333334,88.32518,43.12619,226.1285,637.3161
351,2018-12-18,0.0012500762,1.4974666666666667,0.34240000000000004,87.75362,629.3568,88.32518,72.11061199999999,265.0467,629.38866
352,2018-12-19,0.0,8.1269,0.7964,87.78554,611.9594333333333,87.7959,73.831845,268.7373,615.0077333333334
353,2018-12-20,0.0,6.3993,0.7155,88.39006,636.906625,87.988455,34.66306,120.4453,615.5019
354,2018-12-21,0.0,6.3993,0.7155,88.71454,641.3035,88.32518,75.61983,117.0903,581.9989
355,2018-12-22,0.0,0.4577,0.3058,88.71454,639.8982,88.32518,22.425298666666666,193.5848,637.2188
356,2018-12-23,0.0,1.6248,0.34819999999999995,87.7616,630.2746666666667,88.32518,70.97901333333334,255.9882,629.47915
357,2018-12-24,0.0,1.851,0.3259,88.71454,626.9554333333333,88.32518,75.61983,226.1285,627.571
358,2018-12-25,0.0,1.6386,0.316,88.71454,629.0873,88.32518,72.49682000000001,226.1285,628.9352
359,2018-12-26,0.0,5.17895,0.546,88.71454,604.4961333333333,88.32518,73.83185,227.806,609.8911499999999
360,2018-12-27,0.0,8.8818,0.7245,88.71454,589.1657333333333,88.32518,75.23839,227.135,588.9925499999999
361,2018-12-28,0.0,8.88795,0.73515,88.71454,588.343,88.32518,75.23839,226.1285,588.2063
362,2018-12-29,0.0,8.6832,0.7769,88.18767,593.5895666666667,88.32518,75.33376,226.1285,588.7674999999999
363,2018-12-30,0.0,8.8098,0.7442,88.71454,622.5141,88.32518,47.15510999999999,212.54065,639.3263999999999
364,2018-12-31,0.0,6.3993,0.2937,88.71454,640.6268666666666,88.32518,5.149393,226.1285,640.50635
365,2019-01-01,0.0,0.3106,0.2943,87.37766,641.0071666666666,88.32518,3.575966,163.0541,641.0023
366,2019-01-02,0.0,6.3993,0.7155,86.84309,641.217025,86.66941,3.480606,163.7251,641.1993
367,2019-01-03,0.0,0.3118,0.2954,86.06593,641.3307,85.91568,3.480606,164.0606,581.9989
368,2019-01-04,0.0,6.3993,0.7155,88.71454,641.4131666666667,88.32518,75.61983,164.0606,641.3876
369,2019-01-05,0.0,6.3993,0.7155,88.71454,641.4711333333333,85.414525,75.61983,164.0606,581.9989
370,2019-01-06,0.0,2.1406666666666667,0.4001333333333334,88.12806,628.2807333333334,88.14609,69.89828,223.77994999999999,624.038775
371,2019-01-07,0.00208346,5.7637,0.5978333333333333,88.13070666666665,601.5615333333334,88.18641,75.02383499999999,227.4705,604.0658
372,2019-01-08,0.0,8.99375,0.76325,88.57618,588.8234666666667,88.32518,75.16687999999999,227.135,588.8682
373,2019-01-09,0.0,8.99295,0.75085,88.71454,588.2943,88.32518,75.61983,226.7995,588.3090000000001
374,2019-01-10,0.0,8.9518,0.7642,88.71454,587.9447333333334,88.32518,75.28607,226.1285,587.9559999999999
375,2019-01-11,0.0010417301666666666,8.93815,0.7612,88.61969,587.6422,88.32518,75.314684,226.1285,587.6507833333334
376,2019-01-12,0.0,8.9447,0.7673,88.71454,587.4754333333334,88.32518,75.33376,226.1285,587.4832
377,2019-01-13,0.0,8.9323,0.7458,88.71454,587.3124333333334,88.32518,75.33376,226.35216666666668,587.3076
378,2019-01-14,0.0,8.936399999999999,0.7548999999999999,88.71454,587.1772666666667,88.32518,75.38144,226.464,581.9989
379,2019-01-15,0.0,2.2201,0.45246666666666663,87.724872,623.614775,87.752035,59.74933571428572,176.74256,636.00996
380,2019-01-16,0.0,7.386266666666667,0.78415,88.71454,595.8506333333333,88.32518,75.38144,225.4575,598.93565
381,2019-01-17,0.0,1.8043,0.3538,88.71454,619.3353999999999,87.82735,23.26764,226.1285,609.84085
382,2019-01-18,0.0,8.83255,0.78615,88.71454,588.2303666666667,88.65117,75.33376,225.28975000000003,588.2319666666666
383,2019-01-19,0.0010417301666666666,6.3993,0.7155,88.71454,587.4476833333333,88.32518,75.38144,226.35216666666668,581.9989
384,2019-01-20,0.0,6.3993,0.7155,88.58014,587.5455000000001,88.32518,75.381435,225.28975,581.9989
385,2019-01-21,0.0012500762,6.3993,0.7155,88.71454,586.8303400000001,88.32518,75.3933575,224.7865,581.9989
386,2019-01-22,0.0,6.3993,0.7155,88.65428,586.7326,88.68237,75.41322,226.1285,581.9989
387,2019-01-23,0.0,8.9161,0.7155,88.71454,586.6525333333334,88.32518,75.40527499999999,226.1285,586.642
388,2019-01-24,0.0010417301666666666,8.913450000000001,0.6541,88.65923,586.5745333333333,88.32518,75.4171925,226.044625,586.574
389,2019-01-25,0.0,8.880500000000001,0.6496999999999999,88.71454,586.4709333333334,88.32518,75.42911,224.7865,586.4864
390,2019-01-26,0.0,8.87695,0.657,88.67108,586.3866,88.66454,75.38144,225.122,586.3726
391,2019-01-27,0.0,8.8686,0.6534500000000001,88.71454,586.3121333333333,88.60658,75.38144,225.793,581.9989
392,2019-01-28,0.0,8.7893,0.7652,88.381755,596.7082333333333,88.10574,75.30197333333332,226.1285,601.87545
393,2019-01-29,0.0,8.8628,0.7616,88.71454,586.4181333333333,88.32518,75.47679,226.1285,586.4209999999999
394,2019-01-30,0.0,8.9077,0.7751,88.71454,586.2252,88.32518,75.61983,226.1285,586.20805
395,2019-01-31,0.0,8.9052,0.7771,88.71454,586.1176,88.32518,75.61983,226.1285,581.9989
396,2019-02-01,0.0,8.9165,0.78625,88.67503,586.0530666666667,88.27148,75.42911,226.1285,586.02205
397,2019-02-02,0.0,6.3993,0.7155,88.71454,585.9914333333334,88.1909,75.38144,226.1285,585.9934
398,2019-02-03,0.0,8.8792,0.7593,88.68294,585.9745666666666,88.15057,75.47679,226.1285,585.9764
399,2019-02-04,0.0,6.9558,0.6122,88.71454,589.4419333333334,88.32518,76.00127,226.1285,595.3444
400,2019-02-05,0.0,8.8714,0.7155,88.71454,585.9653,88.32518,75.61983,226.1285,581.9989
401,2019-02-06,0.0,6.3993,0.7155,88.67899,585.8959666666667,88.14161,75.47679,225.793,581.9989
402,2019-02-07,0.0,8.8786,0.761,88.68886,585.793925,88.16401,75.42911,225.122,585.8801000000001
403,2019-02-08,0.0,8.8543,0.7547,88.71454,585.7347333333333,88.17297,75.61983,225.4575,585.8403000000001
404,2019-02-09,0.0,6.3993,0.7396,88.71454,585.6694666666667,88.21329,75.61983,226.1285,581.9989
405,2019-02-10,0.0,8.8726,0.7155,88.71454,585.603,88.25806,75.47679,226.1285,585.7599
406,2019-02-11,0.0,6.3993,0.7155,88.71454,585.5599666666667,88.32518,75.47679,226.1285,585.7239500000001
407,2019-02-12,0.0,6.3993,0.7155,88.71454,585.5033666666667,88.32518,75.45294999999999,226.1285,585.6916
408,2019-02-13,0.0,8.8528,0.7615,88.71454,585.4629666666666,88.32518,75.42911,226.1285,581.9989
409,2019-02-14,0.0,6.3993,0.7155,88.71454,585.3888333333333,88.30281,75.42911,226.1285,585.4140500000001
410,2019-02-15,0.0,8.8681,0.7699,88.53254,589.1673333333333,88.05193,75.47679,226.1285,604.6961
411,2019-02-16,0.0,6.3993,0.7155,88.71454,585.8311,88.30729,75.57214,226.1285,589.1416
412,2019-02-17,0.0,8.801833333333333,0.766525,88.69610666666667,585.3558181818181,88.310866,75.45294999999999,223.10899999999998,585.9008
413,2019-02-18,0.0,8.8267,0.7537,88.69874,585.273375,88.320705,75.44500333333333,224.28325,585.7363333333333
414,2019-02-19,0.0,6.3993,0.7579,88.71454,585.1960333333333,88.32518,75.47679,225.4575,585.4271
415,2019-02-20,0.0,6.3993,0.7155,88.71454,585.1183,88.32518,75.47679,225.122,585.36445
416,2019-02-21,0.0,6.3993,0.7155,88.71454,585.0070000000001,88.32518,75.47679,225.4575,581.9989
417,2019-02-22,0.0,8.8802,0.75,88.71454,584.9775666666666,88.338595,75.42911,225.122,581.9989
418,2019-02-23,0.0,8.8839,0.7642,88.71454,584.8686,88.34307,75.45294999999999,225.4575,584.8766499999999
419,2019-02-24,0.0,6.3993,0.7155,88.71454,584.8164333333333,88.33859666666666,75.47679,226.1285,581.9989
420,2019-02-25,0.0,8.9129,0.76345,88.71849,584.73794,88.34195249999999,75.467254,224.702625,584.7327
421,2019-02-26,0.0,8.911900000000001,0.7787,88.72112333333334,584.66886,88.34866,75.43440777777778,224.8284375,584.659675
422,2019-02-27,0.0,0.4553,0.2762,88.384486,599.7112285714286,88.15628,61.61792333333333,221.82288333333335,594.9754800000001
423,2019-02-28,0.0,6.3993,0.7155,87.72168,621.7157000000001,88.32518,38.40591,172.1126,581.9989
424,2019-03-01,0.0,0.452,0.2705,87.90715,637.52065,87.67412,28.35346,168.7576,636.123
425,2019-03-02,7.420000259999999,0.3221428571428571,0.2928909090909091,87.27416487804878,639.9845282352941,87.08765215686275,5.806598027027027,123.02745535714287,639.9741511111112
426,2019-03-03,0.0,6.3993,0.7155,88.71454,620.4211999999999,88.32518,72.32994,201.3013,589.3466
427,2019-03-04,0.0,6.3993,0.7155,88.71454,586.9308666666667,88.334125,75.333755,226.96724999999998,586.8274
428,2019-03-05,0.0,6.3993,0.7155,88.71454,586.0397333333334,88.36543,75.42911,226.1285,581.9989
429,2019-03-06,0.0,8.7842,0.8056,88.69083,585.7246,88.37884666666666,75.42911,226.464,585.7233
430,2019-03-07,0.0,6.3993,0.7155,88.60783,589.4584500000001,88.38481,75.61983,226.1285,581.9989
431,2019-03-08,0.0,6.3993,0.7155,88.71454,585.2255666666666,88.41013,75.45294999999999,225.96075000000002,581.9989
432,2019-03-09,0.0,8.883949999999999,0.82005,88.71454,585.0667666666667,88.4146,75.61983,226.1285,581.9989
433,2019-03-10,0.0,6.3993,0.8054,88.71454,584.9311333333334,88.4146,75.45294999999999,226.1285,584.9911
434,2019-03-11,0.0,6.3993,0.7155,88.72244,584.8373,88.40342999999999,75.42911,226.1285,581.9989
435,2019-03-12,0.0,6.3993,0.7155,88.73034,584.7199333333333,88.41609,75.47679,226.1285,581.9989
436,2019-03-13,0.0,6.3993,0.7155,88.72244,584.7085999999999,88.40566,75.61983,226.1285,584.6536
437,2019-03-14,0.0,8.949166666666668,0.872,88.7293525,584.6556666666667,88.40510125,75.47679,225.793,584.654
438,2019-03-15,0.0,8.9527,0.89655,88.72864714285713,584.5740499999999,88.4061588888889,75.46884333333333,225.793,584.5704
439,2019-03-16,0.0,8.946000000000002,0.9195,88.73429,584.479725,88.41311,75.47679,225.793,584.4888000000001
440,2019-03-17,0.0,8.9658,0.9978,88.73824,584.3226,88.40901249999999,75.45294999999999,225.62525,584.35895
441,2019-03-18,0.0,8.975299999999999,1.0201500000000001,88.73767571428571,584.2493615384615,88.42502555555556,75.47679,225.5795,584.2359666666666
442,2019-03-19,0.0,9.033100000000001,0.912625,88.74219,584.1851083333333,88.40931727272726,75.46248599999998,225.7259,584.168
443,2019-03-20,0.0,6.3993,0.7155,88.74219,584.04795,88.40566333333334,75.47679,225.62525,581.9989
444,2019-03-21,0.0,9.0872,0.7155,88.75008,583.977525,88.39337499999999,75.45294999999999,225.56933333333336,583.978
445,2019-03-22,0.0,6.3993,0.7155,88.273795,618.1640000000001,88.38779,69.43738,210.19215,581.9989
446,2019-03-23,0.0,0.3247,0.7155,87.22925,639.3521999999999,86.97381,14.907815,153.15675,581.9989
447,2019-03-24,0.0,6.3993,0.2999,88.71454,632.7161333333333,88.32518,49.36427033333333,119.4388,639.9584
448,2019-03-25,0.0,6.3993,0.7155,88.40987,612.2106,88.32518,74.57088,223.1089,621.4735
449,2019-03-26,0.0,6.3993,0.7155,88.71454,623.0820333333332,88.32518,74.57088,226.1285,581.9989
450,2019-03-27,0.0,6.3993,0.4306,88.71454,623.128825,88.32518,74.57088,226.1285,581.9989
451,2019-03-28,0.0,2.1904,0.4249,88.71454,623.1371,88.32518,74.52319,226.1285,581.9989
452,2019-03-29,0.0,0.32484999999999997,0.3549,87.52454965517242,638.6612833333332,87.43770655172415,21.382704,188.35093,638.9705299999999
453,2019-03-30,0.0,1.4334214285714286,0.40420555555555554,87.65277995000001,628.8010803921569,87.53005636815921,49.52413467156863,194.63239215686275,629.8222122807017
454,2019-03-31,0.0,2.5893,0.489,88.08998820512821,605.6831,87.86064,75.06163170731708,225.93210975609756,612.0847371428571
455,2019-04-01,0.0,6.3993,0.7155,88.71454,586.0801333333334,88.34754333333335,75.52448,226.1285,586.10085
456,2019-04-02,0.0,6.3993,1.0521,88.71454,585.5357666666667,88.32518,75.595985,225.96075000000002,581.9989
457,2019-04-03,0.0,6.3993,0.7155,88.67108,585.1139333333334,88.383315,75.61983,225.793,585.06915
458,2019-04-04,0.0,6.3993,0.7155,88.71454,584.8685666666667,88.39672333333333,75.595985,226.1285,584.8784
459,2019-04-05,0.0,6.3993,0.7155,88.69479,584.6706666666668,88.403425,75.61983,225.4575,581.9989
460,2019-04-06,0.0,6.3993,1.1912,88.71454,584.5451333333333,88.40417000000001,75.61983,226.1285,584.5536
461,2019-04-07,0.0,8.5561,0.7155,88.71454,584.3590666666666,88.41609,75.61983,225.4575,581.9989
462,2019-04-08,0.0,6.3993,0.7155,88.71454,584.2099333333333,88.412365,75.61983,225.62525,584.1625
463,2019-04-09,0.0,6.3993,0.7155,88.71849,584.0827,88.43248,75.61983,225.28975000000003,584.2515
464,2019-04-10,0.0,6.3993,0.7155,88.71454,583.9352666666667,88.45035,75.61983,226.1285,583.9305
465,2019-04-11,0.0,6.3993,0.7155,88.46064000000001,617.7283,88.24872,67.50476599999999,221.93472500000001,581.9989
466,2019-04-12,0.0,6.3993,0.7155,88.71454,585.1365333333333,88.41013333333335,75.61983,225.793,581.9989
467,2019-04-13,0.0,6.3993,0.7155,88.71454,584.1412666666666,88.44885666666666,75.57214,225.4575,581.9989
468,2019-04-14,0.0,6.3993,0.7155,88.71454,583.8882666666667,88.4563,75.61983,225.4575,581.9989
469,2019-04-15,0.0,6.3993,0.7155,88.72244,583.701,88.46374499999999,75.61983,225.122,581.9989
470,2019-04-16,0.0,6.3993,0.7155,88.71454,583.5937666666667,88.45258,75.61983,226.1285,581.9989
471,2019-04-17,0.0,6.3993,0.7155,88.73297333333333,583.50085,88.465536,75.61983,225.23383333333334,583.9351
472,2019-04-18,0.0,6.3993,0.7155,88.73824,583.2848333333333,88.47045,75.61983,226.1285,581.9989
473,2019-04-19,0.0,6.3993,0.7155,88.71454,583.1691333333333,88.46598,75.61983,224.7865,581.9989
474,2019-04-20,0.0,6.3993,0.7155,88.71454,583.0380666666666,88.48608,75.61983,226.1285,581.9989
475,2019-04-21,0.0,6.3993,0.7155,88.71454,582.9207333333334,88.48012666666666,75.61983,224.7865,581.9989
476,2019-04-22,0.0,6.3993,0.7155,88.71454,582.8111,88.47045,75.61983,226.1285,581.9989
477,2019-04-23,0.0,6.3993,0.7155,88.31075,592.7834333333334,88.39069,75.66751,226.1285,581.9989
478,2019-04-24,0.0,6.3993,0.7155,88.435535,596.9554333333334,88.22522,76.1443,226.1285,581.9989
479,2019-04-25,0.0,6.3993,0.7155,88.71849,583.2695,88.461515,75.61983,225.4575,581.9989
480,2019-04-26,0.0,6.3993,0.7155,88.71454,582.6463333333332,88.48608,75.61983,224.7865,582.7449
481,2019-04-27,0.0,8.8502,3.7827,88.71454,582.46675,88.45928,75.61983,224.7865,582.3553
482,2019-04-28,0.0,6.3993,0.7155,88.71454,213.78626666666665,88.32518,75.61983,226.1285,581.9989
483,2019-04-29,0.0,6.3993,0.7155,88.71454,582.1038,88.47715,75.66751,224.7865,581.9989
484,2019-04-30,0.0,6.3993,0.7155,88.15191,593.6071666666667,88.48608,75.42911,225.122,581.9989
485,2019-05-01,0.0,6.3993,0.7155,88.1246,615.3212333333332,88.32518,16.783215,162.0475,581.9989
486,2019-05-02,20.98616453931624,8.844,4.3192,85.24395554054054,639.6557042201835,85.00113786885245,3.8109862047244096,228.21007226277374,581.9989
487,2019-05-03,23.196573886509633,6.3993,0.7155,84.70576148148147,640.0403147751606,84.52551571428572,3.5084193333333333,219.62810083333335,581.9989
488,2019-05-04,20.404235943734015,6.3993,0.7155,84.63561833333333,640.136289769821,84.491554,3.5727333559322036,224.26246741573033,581.9989
489,2019-05-05,10.81981578661088,8.844,4.3192,84.525395,640.3209771443514,84.36113379310345,3.4713861104972374,246.6322045816733,581.9989
490,2019-05-06,11.313672123331214,8.844,4.3192,84.47796539325843,640.4258151842439,84.32088631578947,3.5087249743589743,247.1920508064516,581.9989
491,2019-05-07,11.494073276400862,0.3188878378378378,0.30437375,84.44517656862745,640.5053310344828,84.30125159090909,3.4735999591836735,244.26164897494306,640.5113442622951
492,2019-05-08,14.883885542168674,0.31854,0.3048,88.71454,640.5378096385542,88.32518,3.466983142857143,241.72935,640.5365428571429
493,2019-05-09,0.0,6.3993,0.7155,88.71454,640.6028333333334,88.32518,75.61983,226.1285,581.9989
494,2019-05-10,0.0,6.3993,0.7155,88.71454,640.6392999999999,88.32518,75.61983,226.1285,581.9989
495,2019-05-11,0.0,6.3993,0.7155,88.71454,640.6715,88.32518,75.61983,237.5356,581.9989
496,2019-05-12,0.0,6.3993,0.7155,88.71454,640.6971666666667,88.32518,3.38525,236.1935,581.9989
497,2019-05-13,0.0,6.3993,0.7155,84.40929,640.714425,84.27402,3.38525,235.858,581.9989
498,2019-05-14,0.0,6.3993,0.7155,88.71454,640.7263333333334,88.32518,75.61983,226.1285,581.9989
499,2019-05-15,0.0,6.3993,0.7155,84.42583,640.7377333333333,88.32518,75.61983,226.1285,581.9989
500,2019-05-16,0.0,6.3993,0.7155,84.4341,640.7486,84.30666,3.432928,246.9296,581.9989
501,2019-05-17,24.85461956521739,6.3993,0.7155,86.61293,640.2779652173913,86.60777999999999,28.2835304,251.24642666666665,581.9989
502,2019-05-18,0.0,0.9752,1.16085,87.69772,609.5668333333333,87.73373333333332,74.38016,223.1089,581.9989
503,2019-05-19,0.0,8.5819,0.7155,88.48515,587.66995,88.3386,75.25428333333333,227.135,581.9989
504,2019-05-20,0.0,8.6023,1.8915,88.52473499999999,586.90665,88.27446666666667,75.333755,227.30275,586.7445
505,2019-05-21,0.0,6.3993,0.7155,88.558375,586.54314,88.30728666666666,75.40527499999999,227.02316666666664,586.5554999999999
506,2019-05-22,0.0,8.5344,1.9594999999999998,88.512845,587.2339333333333,88.32518,75.61983,227.47050000000002,586.4431
507,2019-05-23,0.0,6.3993,0.7155,88.58805,586.058,88.45928,75.42911,226.7995,586.1182
508,2019-05-24,0.0,6.3993,0.7155,88.71454,585.8347333333332,88.32518,75.61983,226.7995,581.9989
509,2019-05-25,0.0,6.3993,0.7155,88.61574,585.5979000000001,88.47715,75.61983,226.1285,581.9989
510,2019-05-26,0.0,8.6228,2.1711,88.63155,585.44555,88.427985,75.57214,226.7995,585.3763
511,2019-05-27,0.0,8.6605,2.2946,88.71454,585.2344666666667,88.36692000000001,75.61983,226.68766666666667,581.9989
512,2019-05-28,0.0,6.3993,0.7155,88.64077666666667,585.1118833333334,88.38779,75.60393333333333,226.464,585.13455
513,2019-05-29,0.0,6.3993,2.4172,88.71454,584.9531142857143,88.383314,75.57214,226.464,584.9659
514,2019-05-30,0.0,6.3993,0.7155,88.71454,584.7884666666667,88.40566,75.61983,226.1285,584.7912
515,2019-05-31,0.0,8.6348,2.568,88.66318,584.638525,88.4112475,75.61983,226.464,584.589
516,2019-06-01,0.0,6.3993,0.7155,88.71454,584.4786,88.43470500000001,75.61983,226.1285,584.5342
517,2019-06-02,0.0,6.3993,0.7155,88.71454,584.1866,88.44588,75.61983,225.793,584.2814
518,2019-06-03,0.0,6.3993,0.7155,88.67503,584.0690333333333,88.43247333333333,75.66751,225.96075000000002,581.9989
519,2019-06-04,0.0,8.8068,3.6245,88.71454,583.9621666666667,88.45183333333334,75.66751,226.1285,584.0099
520,2019-06-05,0.0,6.3993,0.7155,88.71454,583.8109,88.45705000000001,75.64366999999999,226.1285,581.9989
521,2019-06-06,0.0,6.3993,0.7155,88.71454,583.6079,88.44736999999999,75.61983,226.1285,581.9989
522,2019-06-07,0.0,6.3993,4.3711,88.71454,583.4609,88.45481,75.61983,226.1285,581.9989
523,2019-06-08,0.0,6.3993,0.7155,88.71454,583.3415666666666,88.47119333333335,75.61983,226.1285,583.34
524,2019-06-09,0.0,6.3993,0.7155,88.71454,583.1881999999999,88.48458333333333,75.66751,226.1285,583.1578
525,2019-06-10,0.0,6.3993,0.7155,88.71454,583.0457666666667,88.52845,75.61983,226.1285,581.9989
526,2019-06-11,0.0,15.7921,88.904,88.71454,548.7183333333334,88.32518,75.61983,206.6693,549.0548
527,2019-06-12,0.0,6.3993,0.7155,88.71454,569.6032333333334,88.35201,75.81055,207.0049,548.88
528,2019-06-13,0.0,5.0046,5.7233,88.95125,589.2018333333334,88.588705,76.12046000000001,218.0764,581.9989
529,2019-06-14,0.0,6.3993,0.7155,88.71454,585.6037333333334,88.517335,75.61983,226.1285,585.68085
530,2019-06-15,0.0,7.7834,2.6165,88.71454,574.1247333333333,88.53519,75.95358,221.7669,581.9989
531,2019-06-16,0.0,8.0455,2.59385,88.71454,585.219,88.546345,75.71519,222.7735,581.9989
532,2019-06-17,0.0,6.3993,0.7155,88.71454,584.9509666666667,88.5575,75.66751,224.451,581.9989
533,2019-06-18,0.0,8.09955,0.7155,88.71454,584.7842666666667,88.57536,75.66751,226.1285,581.9989
534,2019-06-19,0.0,6.3993,0.7155,88.71454,584.6378333333333,88.5575,75.61983,226.1285,584.5882
535,2019-06-20,0.0,8.1449,2.9338,88.69083,584.4972857142857,88.55482400000001,75.66751,227.135,584.51794
536,2019-06-21,0.0,6.3993,0.7155,88.71454,584.3168333333333,88.56643,75.66751,226.7995,584.3788
537,2019-06-22,0.0,8.1537,3.1697,88.71454,584.1711666666666,88.32518,75.71519,226.1285,581.9989
538,2019-06-23,0.0,6.3993,0.7155,88.71454,584.0530666666667,88.58427,75.61983,227.135,584.0559
539,2019-06-24,0.0,6.3993,0.7155,88.71454,583.9278666666667,88.59319,75.61983,226.7995,581.9989
540,2019-06-25,0.0,6.3993,0.7155,88.70664,583.7968666666667,88.57981,75.61983,226.1285,583.8171
541,2019-06-26,0.0,6.3993,0.7155,88.71059,583.6199,88.595425,75.66751,226.7995,583.63645
542,2019-06-27,0.0,8.22325,4.1493,88.70743,583.61323,88.604349,75.65320599999998,226.7995,583.6068285714285
543,2019-06-28,0.0,15.7232,42.939099999999996,89.37186,566.8949,89.03499500000001,75.7747875,214.72143333333335,573.2631666666666
544,2019-06-29,0.0,6.3993,0.7155,88.71454,584.1955666666667,88.60435,75.61983,226.1285,581.9989
545,2019-06-30,0.0,8.2765,0.7155,88.71454,583.9347,88.61104,75.61983,224.7865,581.9989
546,2019-07-01,0.0,8.2924,0.7155,88.71454,583.73228,88.6155,75.61983,227.135,583.806
547,2019-07-02,0.0,6.3993,0.7155,88.71454,583.6352333333333,88.62665,75.61983,226.464,583.627
548,2019-07-03,0.0,6.3993,0.7155,88.73034,572.7475666666667,88.62442,75.66751,226.1285,549.1892
549,2019-07-04,0.0,8.2529,3.6783,88.73034,583.9288333333334,88.62218999999999,75.57214,222.7735,581.9989
550,2019-07-05,0.0,7.4701,4.436999999999999,88.6448575,585.75885,88.6232625,75.56533857142857,226.57583333333332,585.1526
551,2019-07-06,0.0,6.3993,0.7155,88.35569,600.7465,88.669,40.28925,226.1285,584.2749
552,2019-07-07,0.47146371816666666,5.886491463414634,3.47863,88.23387692874692,599.2379196502915,88.26746744329897,69.43402091280653,214.19814243119268,601.7600720101781
553,2019-07-08,0.4777320238518518,8.339271314741035,4.247537662337662,88.6903721025641,584.6291925925926,88.63301458966565,75.39127565759637,231.80527876106197,584.6442884972171
554,2019-07-09,0.4797426612921669,8.408535643564356,4.367979255319149,88.70955761363636,583.9327798400914,88.62351675078864,75.39757554203538,229.28356540697675,583.9316291111112
555,2019-07-10,0.48042741158068053,8.434541666666666,4.46682205882353,88.71869549132948,583.6026841383095,88.58528105315949,75.38881021649483,227.40126984126985,583.6047231132076
556,2019-07-11,0.48001835938606846,8.4733075,4.517927586206897,88.72621550200803,583.3353056080283,88.5662058374143,75.4023633747412,226.35875894736841,583.3829528138529
557,2019-07-12,0.48472933852190975,6.3993,0.7155,88.88578784671533,579.2172969914977,88.64160711453745,75.39727432671081,227.6866473389356,581.9989
558,2019-07-13,0.4861765788159772,6.3993,0.7155,88.96129644736841,581.1489809557775,88.69117632513661,75.67267273885349,226.17938286516855,581.9989
559,2019-07-14,0.48589729589509695,6.3993,0.7155,88.74139570652173,583.1093729606389,88.61835757641921,75.45340409523808,226.04629479326186,581.9989
560,2019-07-15,0.48952035987804876,6.3993,0.7155,88.74682153333333,582.7751443292683,88.62947719954649,75.44226333333333,225.9479192634561,581.9989
561,2019-07-16,0.4858300868553459,6.3993,0.7155,88.7531702189781,582.5317787421383,88.62686137891077,75.44313849586776,225.68445588235295,581.9989
562,2019-07-17,0.47724383141361254,6.3993,0.7155,88.75581461538461,582.4024406523006,88.61979290889134,75.42940940625,225.65094144144143,581.9989
563,2019-07-18,0.47569573257107545,6.3993,0.7155,88.76019534391536,582.2219439084724,88.6283552173913,75.41599117166211,225.65057977207977,581.9989
564,2019-07-19,0.47283549436363637,6.3993,0.7155,88.76564764705883,582.0271010909091,88.64888591059602,75.42576235537189,225.58180876494023,581.9989
565,2019-07-20,0.4757158687459807,6.3993,0.7155,88.77089614583333,581.7997469111968,88.63599246899662,75.43823194202898,225.61058333333335,581.9989
566,2019-07-21,0.4759816318604651,6.3993,0.7155,88.77504259259258,581.6279906976744,88.64199937229438,75.37602545851529,225.35337931034485,581.9989
567,2019-07-22,0.0,6.3993,0.7155,88.78298333333333,581.35302,88.684595,75.38144,224.98780000000002,581.9989
568,2019-07-23,0.0,6.3993,0.7155,88.78364,581.1856833333333,88.69017,75.34568,224.78650000000002,581.9989
569,2019-07-24,0.0,6.3993,0.7155,88.78759,581.027075,88.70911,75.38144,224.95425,581.9989
570,2019-07-25,0.0,6.3993,0.7155,88.79548,580.8335125,88.70528857142857,75.42911,225.12199999999999,581.9989
571,2019-07-26,0.0,6.3993,0.7155,88.799825,580.6971387096775,88.71511260869565,75.42727653846154,225.11001785714285,581.9989
572,2019-07-27,0.0,6.3993,0.7155,88.71454,580.46905,88.32518,75.38144,226.1285,581.9989
573,2019-07-28,0.0,6.3993,0.7155,88.80535,580.1932333333333,88.71802,75.61983,226.1285,581.9989
574,2019-07-29,0.0,6.3993,0.7155,88.71454,579.8304333333334,88.32518,75.61983,226.1285,581.9989
575,2019-07-30,0.0,6.3993,0.7155,88.71454,579.5407333333334,88.76255499999999,75.42911,224.7865,581.9989
576,2019-07-31,0.0,6.3993,0.7155,88.71454,579.2521333333333,88.75216333333333,75.42911,226.1285,581.9989
577,2019-08-01,0.0,6.3993,0.7155,88.71454,578.87035,88.76107,75.41719499999999,224.1155,581.9989
578,2019-08-02,0.0,6.3993,0.7155,88.82903,579.4853666666667,88.72693,75.42911,226.1285,581.9989
579,2019-08-03,0.0,6.3993,0.7155,88.71454,579.1526333333333,88.72693,75.61983,226.1285,581.9989
580,2019-08-04,0.0,6.3993,0.7155,88.71454,578.8532,88.76033,75.38144,224.1155,581.9989
581,2019-08-05,0.0,6.3993,0.7155,88.71454,578.5477999999999,88.76255499999999,75.40527499999999,224.451,581.9989
582,2019-08-06,0.0,6.3993,0.7155,88.86847,578.14436,88.78926666666666,75.38144,226.1285,581.9989
583,2019-08-07,0.0,6.3993,0.7155,88.71454,596.8849666666666,88.77591,35.0445,213.0439,581.9989
584,2019-08-08,0.0,6.3993,0.7155,83.68374,639.2773000000001,83.478005,9.798155,340.7025,581.9989
585,2019-08-09,0.0,6.3993,0.7155,81.832705,637.3227333333333,78.33698666666668,38.477425,244.3574,581.9989
586,2019-08-10,0.0,6.3993,0.7155,87.08503999999999,614.8885,87.39785,74.38016,249.2781,581.9989
587,2019-08-11,0.0,6.3993,0.7155,88.71454,602.2854666666667,88.32518,76.1443,226.1285,581.9989
588,2019-08-12,0.0,6.3993,0.7155,88.71454,601.5594666666667,88.32518,75.61983,226.1285,581.9989
589,2019-08-13,0.0,6.3993,0.7155,88.71454,601.1999666666667,88.32518,75.61983,232.1675,581.9989
590,2019-08-14,0.0,6.3993,0.7155,88.203555,600.5537333333333,88.32518,76.19199,226.1285,581.9989
591,2019-08-15,0.0,6.3993,0.7155,88.23533,599.61718,88.35649,76.20788333333333,233.174,581.9989
592,2019-08-16,0.0,6.3993,0.7155,88.71454,598.7465,88.32518,76.19199,232.1675,581.9989
593,2019-08-17,0.0,6.3993,0.7155,88.71454,598.2842333333333,88.32518,75.61983,232.1675,581.9989
594,2019-08-18,0.0,6.3993,0.7155,88.71454,598.1552333333333,88.32518,76.23967,226.1285,581.9989
595,2019-08-19,0.0,6.3993,0.7155,88.32048272727273,597.3375565217392,88.45258,76.196758,231.66424999999998,581.9989
596,2019-08-20,0.0,6.3993,0.7155,88.33454,597.0206333333334,88.32518,75.61983,231.161,581.9989
597,2019-08-21,0.0,6.3993,0.7155,88.33851,596.6807333333333,88.32518,76.23967,231.832,581.9989
598,2019-08-22,0.0,6.3993,0.7155,88.71454,596.3265,88.32518,75.61983,231.32875,581.9989
599,2019-08-23,0.0,6.3993,0.7155,88.71454,596.1424,88.32518,75.61983,226.1285,581.9989
